{"format": "layers-model", "generatedBy": "keras v2.8.0", "convertedBy": "TensorFlow.js Converter v3.15.0", "modelTopology": {"keras_version": "2.8.0", "backend": "tensorflow", "model_config": {"class_name": "Sequential", "config": {"name": "sequential_1", "layers": [{"class_name": "InputLayer", "config": {"batch_input_shape": [null, 150, 150, 3], "dtype": "float32", "sparse": false, "ragged": false, "name": "conv2d_3_input"}}, {"class_name": "Conv2D", "config": {"name": "conv2d_3", "trainable": true, "batch_input_shape": [null, 150, 150, 3], "dtype": "float32", "filters": 16, "kernel_size": [3, 3], "strides": [1, 1], "padding": "valid", "data_format": "channels_last", "dilation_rate": [1, 1], "groups": 1, "activation": "relu", "use_bias": true, "kernel_initializer": {"class_name": "GlorotUniform", "config": {"seed": null}}, "bias_initializer": {"class_name": "Zeros", "config": {}}, "kernel_regularizer": null, "bias_regularizer": null, "activity_regularizer": null, "kernel_constraint": null, "bias_constraint": null}}, {"class_name": "MaxPooling2D", "config": {"name": "max_pooling2d_3", "trainable": true, "dtype": "float32", "pool_size": [2, 2], "padding": "valid", "strides": [2, 2], "data_format": "channels_last"}}, {"class_name": "Conv2D", "config": {"name": "conv2d_4", "trainable": true, "dtype": "float32", "filters": 32, "kernel_size": [3, 3], "strides": [1, 1], "padding": "valid", "data_format": "channels_last", "dilation_rate": [1, 1], "groups": 1, "activation": "relu", "use_bias": true, "kernel_initializer": {"class_name": "GlorotUniform", "config": {"seed": null}}, "bias_initializer": {"class_name": "Zeros", "config": {}}, "kernel_regularizer": null, "bias_regularizer": null, "activity_regularizer": null, "kernel_constraint": null, "bias_constraint": null}}, {"class_name": "MaxPooling2D", "config": {"name": "max_pooling2d_4", "trainable": true, "dtype": "float32", "pool_size": [2, 2], "padding": "valid", "strides": [2, 2], "data_format": "channels_last"}}, {"class_name": "Conv2D", "config": {"name": "conv2d_5", "trainable": true, "dtype": "float32", "filters": 32, "kernel_size": [3, 3], "strides": [1, 1], "padding": "valid", "data_format": "channels_last", "dilation_rate": [1, 1], "groups": 1, "activation": "relu", "use_bias": true, "kernel_initializer": {"class_name": "GlorotUniform", "config": {"seed": null}}, "bias_initializer": {"class_name": "Zeros", "config": {}}, "kernel_regularizer": null, "bias_regularizer": null, "activity_regularizer": null, "kernel_constraint": null, "bias_constraint": null}}, {"class_name": "MaxPooling2D", "config": {"name": "max_pooling2d_5", "trainable": true, "dtype": "float32", "pool_size": [2, 2], "padding": "valid", "strides": [2, 2], "data_format": "channels_last"}}, {"class_name": "Flatten", "config": {"name": "flatten_1", "trainable": true, "dtype": "float32", "data_format": "channels_last"}}, {"class_name": "Dense", "config": {"name": "dense_4", "trainable": true, "dtype": "float32", "units": 512, "activation": "relu", "use_bias": true, "kernel_initializer": {"class_name": "GlorotUniform", "config": {"seed": null}}, "bias_initializer": {"class_name": "Zeros", "config": {}}, "kernel_regularizer": null, "bias_regularizer": null, "activity_regularizer": null, "kernel_constraint": null, "bias_constraint": null}}, {"class_name": "Dense", "config": {"name": "dense_5", "trainable": true, "dtype": "float32", "units": 512, "activation": "relu", "use_bias": true, "kernel_initializer": {"class_name": "GlorotUniform", "config": {"seed": null}}, "bias_initializer": {"class_name": "Zeros", "config": {}}, "kernel_regularizer": null, "bias_regularizer": null, "activity_regularizer": null, "kernel_constraint": null, "bias_constraint": null}}, {"class_name": "Dense", "config": {"name": "dense_6", "trainable": true, "dtype": "float32", "units": 512, "activation": "relu", "use_bias": true, "kernel_initializer": {"class_name": "GlorotUniform", "config": {"seed": null}}, "bias_initializer": {"class_name": "Zeros", "config": {}}, "kernel_regularizer": null, "bias_regularizer": null, "activity_regularizer": null, "kernel_constraint": null, "bias_constraint": null}}, {"class_name": "Dense", "config": {"name": "dense_7", "trainable": true, "dtype": "float32", "units": 1, "activation": "sigmoid", "use_bias": true, "kernel_initializer": {"class_name": "GlorotUniform", "config": {"seed": null}}, "bias_initializer": {"class_name": "Zeros", "config": {}}, "kernel_regularizer": null, "bias_regularizer": null, "activity_regularizer": null, "kernel_constraint": null, "bias_constraint": null}}]}}, "training_config": {"loss": "binary_crossentropy", "metrics": [[{"class_name": "MeanMetricWrapper", "config": {"name": "accuracy", "dtype": "float32", "fn": "binary_accuracy"}}]], "weighted_metrics": null, "loss_weights": null, "optimizer_config": {"class_name": "Adam", "config": {"name": "Adam", "learning_rate": 0.0010000000474974513, "decay": 0.0, "beta_1": 0.8999999761581421, "beta_2": 0.9990000128746033, "epsilon": 1e-07, "amsgrad": false}}}}, "weightsManifest": [{"paths": ["group1-shard1of6.bin", "group1-shard2of6.bin", "group1-shard3of6.bin", "group1-shard4of6.bin", "group1-shard5of6.bin", "group1-shard6of6.bin"], "weights": [{"name": "conv2d_3/kernel", "shape": [3, 3, 3, 16], "dtype": "float32"}, {"name": "conv2d_3/bias", "shape": [16], "dtype": "float32"}, {"name": "conv2d_4/kernel", "shape": [3, 3, 16, 32], "dtype": "float32"}, {"name": "conv2d_4/bias", "shape": [32], "dtype": "float32"}, {"name": "conv2d_5/kernel", "shape": [3, 3, 32, 32], "dtype": "float32"}, {"name": "conv2d_5/bias", "shape": [32], "dtype": "float32"}, {"name": "dense_4/kernel", "shape": [9248, 512], "dtype": "float32"}, {"name": "dense_4/bias", "shape": [512], "dtype": "float32"}, {"name": "dense_5/kernel", "shape": [512, 512], "dtype": "float32"}, {"name": "dense_5/bias", "shape": [512], "dtype": "float32"}, {"name": "dense_6/kernel", "shape": [512, 512], "dtype": "float32"}, {"name": "dense_6/bias", "shape": [512], "dtype": "float32"}, {"name": "dense_7/kernel", "shape": [512, 1], "dtype": "float32"}, {"name": "dense_7/bias", "shape": [1], "dtype": "float32"}]}]}