{"format": "layers-model", "generatedBy": "keras v2.8.0", "convertedBy": "TensorFlow.js Converter v3.15.0", "modelTopology": {"keras_version": "2.8.0", "backend": "tensorflow", "model_config": {"class_name": "Sequential", "config": {"name": "sequential_34", "layers": [{"class_name": "InputLayer", "config": {"batch_input_shape": [null, 180, 180, 3], "dtype": "float32", "sparse": false, "ragged": false, "name": "conv2d_102_input"}}, {"class_name": "Conv2D", "config": {"name": "conv2d_102", "trainable": true, "batch_input_shape": [null, 180, 180, 3], "dtype": "float32", "filters": 16, "kernel_size": [3, 3], "strides": [1, 1], "padding": "valid", "data_format": "channels_last", "dilation_rate": [1, 1], "groups": 1, "activation": "relu", "use_bias": true, "kernel_initializer": {"class_name": "GlorotUniform", "config": {"seed": null}}, "bias_initializer": {"class_name": "Zeros", "config": {}}, "kernel_regularizer": null, "bias_regularizer": null, "activity_regularizer": null, "kernel_constraint": null, "bias_constraint": null}}, {"class_name": "MaxPooling2D", "config": {"name": "max_pooling2d_100", "trainable": true, "dtype": "float32", "pool_size": [2, 2], "padding": "valid", "strides": [2, 2], "data_format": "channels_last"}}, {"class_name": "Conv2D", "config": {"name": "conv2d_103", "trainable": true, "dtype": "float32", "filters": 32, "kernel_size": [3, 3], "strides": [1, 1], "padding": "valid", "data_format": "channels_last", "dilation_rate": [1, 1], "groups": 1, "activation": "relu", "use_bias": true, "kernel_initializer": {"class_name": "GlorotUniform", "config": {"seed": null}}, "bias_initializer": {"class_name": "Zeros", "config": {}}, "kernel_regularizer": null, "bias_regularizer": null, "activity_regularizer": null, "kernel_constraint": null, "bias_constraint": null}}, {"class_name": "MaxPooling2D", "config": {"name": "max_pooling2d_101", "trainable": true, "dtype": "float32", "pool_size": [2, 2], "padding": "valid", "strides": [2, 2], "data_format": "channels_last"}}, {"class_name": "Conv2D", "config": {"name": "conv2d_104", "trainable": true, "dtype": "float32", "filters": 64, "kernel_size": [3, 3], "strides": [1, 1], "padding": "valid", "data_format": "channels_last", "dilation_rate": [1, 1], "groups": 1, "activation": "relu", "use_bias": true, "kernel_initializer": {"class_name": "GlorotUniform", "config": {"seed": null}}, "bias_initializer": {"class_name": "Zeros", "config": {}}, "kernel_regularizer": null, "bias_regularizer": null, "activity_regularizer": null, "kernel_constraint": null, "bias_constraint": null}}, {"class_name": "MaxPooling2D", "config": {"name": "max_pooling2d_102", "trainable": true, "dtype": "float32", "pool_size": [2, 2], "padding": "valid", "strides": [2, 2], "data_format": "channels_last"}}, {"class_name": "Dropout", "config": {"name": "dropout_32", "trainable": true, "dtype": "float32", "rate": 0.2, "noise_shape": null, "seed": null}}, {"class_name": "Flatten", "config": {"name": "flatten_34", "trainable": true, "dtype": "float32", "data_format": "channels_last"}}, {"class_name": "Dense", "config": {"name": "dense_136", "trainable": true, "dtype": "float32", "units": 256, "activation": "relu", "use_bias": true, "kernel_initializer": {"class_name": "GlorotUniform", "config": {"seed": null}}, "bias_initializer": {"class_name": "Zeros", "config": {}}, "kernel_regularizer": null, "bias_regularizer": null, "activity_regularizer": null, "kernel_constraint": null, "bias_constraint": null}}, {"class_name": "Dense", "config": {"name": "dense_137", "trainable": true, "dtype": "float32", "units": 128, "activation": "relu", "use_bias": true, "kernel_initializer": {"class_name": "GlorotUniform", "config": {"seed": null}}, "bias_initializer": {"class_name": "Zeros", "config": {}}, "kernel_regularizer": null, "bias_regularizer": null, "activity_regularizer": null, "kernel_constraint": null, "bias_constraint": null}}, {"class_name": "Dense", "config": {"name": "dense_138", "trainable": true, "dtype": "float32", "units": 128, "activation": "relu", "use_bias": true, "kernel_initializer": {"class_name": "GlorotUniform", "config": {"seed": null}}, "bias_initializer": {"class_name": "Zeros", "config": {}}, "kernel_regularizer": null, "bias_regularizer": null, "activity_regularizer": null, "kernel_constraint": null, "bias_constraint": null}}, {"class_name": "Dense", "config": {"name": "dense_139", "trainable": true, "dtype": "float32", "units": 4, "activation": "linear", "use_bias": true, "kernel_initializer": {"class_name": "GlorotUniform", "config": {"seed": null}}, "bias_initializer": {"class_name": "Zeros", "config": {}}, "kernel_regularizer": null, "bias_regularizer": null, "activity_regularizer": null, "kernel_constraint": null, "bias_constraint": null}}]}}, "training_config": {"loss": {"class_name": "SparseCategoricalCrossentropy", "config": {"reduction": "auto", "name": "sparse_categorical_crossentropy", "from_logits": true}}, "metrics": [[{"class_name": "MeanMetricWrapper", "config": {"name": "accuracy", "dtype": "float32", "fn": "sparse_categorical_accuracy"}}]], "weighted_metrics": null, "loss_weights": null, "optimizer_config": {"class_name": "Adam", "config": {"name": "Adam", "learning_rate": 0.0010000000474974513, "decay": 0.0, "beta_1": 0.8999999761581421, "beta_2": 0.9990000128746033, "epsilon": 1e-07, "amsgrad": false}}}}, "weightsManifest": [{"paths": ["group1-shard1of7.bin", "group1-shard2of7.bin", "group1-shard3of7.bin", "group1-shard4of7.bin", "group1-shard5of7.bin", "group1-shard6of7.bin", "group1-shard7of7.bin"], "weights": [{"name": "conv2d_102/kernel", "shape": [3, 3, 3, 16], "dtype": "float32"}, {"name": "conv2d_102/bias", "shape": [16], "dtype": "float32"}, {"name": "conv2d_103/kernel", "shape": [3, 3, 16, 32], "dtype": "float32"}, {"name": "conv2d_103/bias", "shape": [32], "dtype": "float32"}, {"name": "conv2d_104/kernel", "shape": [3, 3, 32, 64], "dtype": "float32"}, {"name": "conv2d_104/bias", "shape": [64], "dtype": "float32"}, {"name": "dense_136/kernel", "shape": [25600, 256], "dtype": "float32"}, {"name": "dense_136/bias", "shape": [256], "dtype": "float32"}, {"name": "dense_137/kernel", "shape": [256, 128], "dtype": "float32"}, {"name": "dense_137/bias", "shape": [128], "dtype": "float32"}, {"name": "dense_138/kernel", "shape": [128, 128], "dtype": "float32"}, {"name": "dense_138/bias", "shape": [128], "dtype": "float32"}, {"name": "dense_139/kernel", "shape": [128, 4], "dtype": "float32"}, {"name": "dense_139/bias", "shape": [4], "dtype": "float32"}]}]}